{
    "loss": 1.7024403810501099,
    "accuracy": 0.6982758641242981
}