{
    "loss": 9.071434020996094,
    "accuracy": 0.5086206793785095
}